source	version	output	size
bamboo-charcoal-puppy-pads-package-and-open-pad-blog.jpg	A_lifestyle	bamboo-charcoal-puppy-pads-package-and-open-pad-blog_A_lifestyle.jpg	1920x1080
bamboo-charcoal-puppy-pads-package-and-open-pad-blog.jpg	B_studio	bamboo-charcoal-puppy-pads-package-and-open-pad-blog_B_studio.jpg	1920x1080
bamboo-charcoal-puppy-pads-package-and-open-pad-blog.jpg	C_oem	bamboo-charcoal-puppy-pads-package-and-open-pad-blog_C_oem.jpg	1920x1080
bamboo-charcoal-puppy-pads-package-and-stacked-pads-blog.jpg	A_lifestyle	bamboo-charcoal-puppy-pads-package-and-stacked-pads-blog_A_lifestyle.jpg	1920x1080
bamboo-charcoal-puppy-pads-package-and-stacked-pads-blog.jpg	B_studio	bamboo-charcoal-puppy-pads-package-and-stacked-pads-blog_B_studio.jpg	1920x1080
bamboo-charcoal-puppy-pads-package-and-stacked-pads-blog.jpg	C_oem	bamboo-charcoal-puppy-pads-package-and-stacked-pads-blog_C_oem.jpg	1920x1080
blue-puppy-pads-package-and-stacked-pads-blog.jpg	A_lifestyle	blue-puppy-pads-package-and-stacked-pads-blog_A_lifestyle.jpg	1920x1080
blue-puppy-pads-package-and-stacked-pads-blog.jpg	B_studio	blue-puppy-pads-package-and-stacked-pads-blog_B_studio.jpg	1920x1080
blue-puppy-pads-package-and-stacked-pads-blog.jpg	C_oem	blue-puppy-pads-package-and-stacked-pads-blog_C_oem.jpg	1920x1080
cartoon-pet-training-pads-package-and-white-pads-blog.jpg	A_lifestyle	cartoon-pet-training-pads-package-and-white-pads-blog_A_lifestyle.jpg	1920x1080
cartoon-pet-training-pads-package-and-white-pads-blog.jpg	B_studio	cartoon-pet-training-pads-package-and-white-pads-blog_B_studio.jpg	1920x1080
cartoon-pet-training-pads-package-and-white-pads-blog.jpg	C_oem	cartoon-pet-training-pads-package-and-white-pads-blog_C_oem.jpg	1920x1080
disposable-pet-cleanup-gloves-package-and-gloves-blog.jpg	A_lifestyle	disposable-pet-cleanup-gloves-package-and-gloves-blog_A_lifestyle.jpg	1920x1080
disposable-pet-cleanup-gloves-package-and-gloves-blog.jpg	B_studio	disposable-pet-cleanup-gloves-package-and-gloves-blog_B_studio.jpg	1920x1080
disposable-pet-cleanup-gloves-package-and-gloves-blog.jpg	C_oem	disposable-pet-cleanup-gloves-package-and-gloves-blog_C_oem.jpg	1920x1080
puppy-pad-raw-material-layers-overhead-01-blog.jpg	A_lifestyle	puppy-pad-raw-material-layers-overhead-01-blog_A_lifestyle.jpg	1920x1080
puppy-pad-raw-material-layers-overhead-01-blog.jpg	B_studio	puppy-pad-raw-material-layers-overhead-01-blog_B_studio.jpg	1920x1080
puppy-pad-raw-material-layers-overhead-01-blog.jpg	C_oem	puppy-pad-raw-material-layers-overhead-01-blog_C_oem.jpg	1920x1080
puppy-pad-raw-material-layers-overhead-02-blog.jpg	A_lifestyle	puppy-pad-raw-material-layers-overhead-02-blog_A_lifestyle.jpg	1920x1080
puppy-pad-raw-material-layers-overhead-02-blog.jpg	B_studio	puppy-pad-raw-material-layers-overhead-02-blog_B_studio.jpg	1920x1080
puppy-pad-raw-material-layers-overhead-02-blog.jpg	C_oem	puppy-pad-raw-material-layers-overhead-02-blog_C_oem.jpg	1920x1080
puppy-pad-raw-material-layers-three-quarter-01-blog.jpg	A_lifestyle	puppy-pad-raw-material-layers-three-quarter-01-blog_A_lifestyle.jpg	1920x1080
puppy-pad-raw-material-layers-three-quarter-01-blog.jpg	B_studio	puppy-pad-raw-material-layers-three-quarter-01-blog_B_studio.jpg	1920x1080
puppy-pad-raw-material-layers-three-quarter-01-blog.jpg	C_oem	puppy-pad-raw-material-layers-three-quarter-01-blog_C_oem.jpg	1920x1080
puppy-pad-raw-material-layers-three-quarter-02-blog.jpg	A_lifestyle	puppy-pad-raw-material-layers-three-quarter-02-blog_A_lifestyle.jpg	1920x1080
puppy-pad-raw-material-layers-three-quarter-02-blog.jpg	B_studio	puppy-pad-raw-material-layers-three-quarter-02-blog_B_studio.jpg	1920x1080
puppy-pad-raw-material-layers-three-quarter-02-blog.jpg	C_oem	puppy-pad-raw-material-layers-three-quarter-02-blog_C_oem.jpg	1920x1080
puppy-pad-raw-material-layers-with-black-backing-closeup-01-blog.jpg	A_lifestyle	puppy-pad-raw-material-layers-with-black-backing-closeup-01-blog_A_lifestyle.jpg	1920x1080
puppy-pad-raw-material-layers-with-black-backing-closeup-01-blog.jpg	B_studio	puppy-pad-raw-material-layers-with-black-backing-closeup-01-blog_B_studio.jpg	1920x1080
puppy-pad-raw-material-layers-with-black-backing-closeup-01-blog.jpg	C_oem	puppy-pad-raw-material-layers-with-black-backing-closeup-01-blog_C_oem.jpg	1920x1080
puppy-pad-raw-material-layers-with-black-backing-overhead-01-blog.jpg	A_lifestyle	puppy-pad-raw-material-layers-with-black-backing-overhead-01-blog_A_lifestyle.jpg	1920x1080
puppy-pad-raw-material-layers-with-black-backing-overhead-01-blog.jpg	B_studio	puppy-pad-raw-material-layers-with-black-backing-overhead-01-blog_B_studio.jpg	1920x1080
puppy-pad-raw-material-layers-with-black-backing-overhead-01-blog.jpg	C_oem	puppy-pad-raw-material-layers-with-black-backing-overhead-01-blog_C_oem.jpg	1920x1080
puppy-pad-raw-material-layers-with-black-backing-overhead-02-blog.jpg	A_lifestyle	puppy-pad-raw-material-layers-with-black-backing-overhead-02-blog_A_lifestyle.jpg	1920x1080
puppy-pad-raw-material-layers-with-black-backing-overhead-02-blog.jpg	B_studio	puppy-pad-raw-material-layers-with-black-backing-overhead-02-blog_B_studio.jpg	1920x1080
puppy-pad-raw-material-layers-with-black-backing-overhead-02-blog.jpg	C_oem	puppy-pad-raw-material-layers-with-black-backing-overhead-02-blog_C_oem.jpg	1920x1080
puppy-pad-raw-material-layers-with-black-backing-three-quarter-01-blog.jpg	A_lifestyle	puppy-pad-raw-material-layers-with-black-backing-three-quarter-01-blog_A_lifestyle.jpg	1920x1080
puppy-pad-raw-material-layers-with-black-backing-three-quarter-01-blog.jpg	B_studio	puppy-pad-raw-material-layers-with-black-backing-three-quarter-01-blog_B_studio.jpg	1920x1080
puppy-pad-raw-material-layers-with-black-backing-three-quarter-01-blog.jpg	C_oem	puppy-pad-raw-material-layers-with-black-backing-three-quarter-01-blog_C_oem.jpg	1920x1080
puppy-pad-raw-material-layers-with-black-backing-three-quarter-02-blog.jpg	A_lifestyle	puppy-pad-raw-material-layers-with-black-backing-three-quarter-02-blog_A_lifestyle.jpg	1920x1080
puppy-pad-raw-material-layers-with-black-backing-three-quarter-02-blog.jpg	B_studio	puppy-pad-raw-material-layers-with-black-backing-three-quarter-02-blog_B_studio.jpg	1920x1080
puppy-pad-raw-material-layers-with-black-backing-three-quarter-02-blog.jpg	C_oem	puppy-pad-raw-material-layers-with-black-backing-three-quarter-02-blog_C_oem.jpg	1920x1080
white-disposable-underpads-package-and-stacked-pads-blog.jpg	A_lifestyle	white-disposable-underpads-package-and-stacked-pads-blog_A_lifestyle.jpg	1920x1080
white-disposable-underpads-package-and-stacked-pads-blog.jpg	B_studio	white-disposable-underpads-package-and-stacked-pads-blog_B_studio.jpg	1920x1080
white-disposable-underpads-package-and-stacked-pads-blog.jpg	C_oem	white-disposable-underpads-package-and-stacked-pads-blog_C_oem.jpg	1920x1080
