3	497e8aed-0a86-4ac6-9c4e-e7ac8039dbba	ID_B1F1D4EC0E164CC2819C3A8CFA623DBD
3	635b333e-d808-490a-97a1-073745495b15	ID_6B7A967A7A774C85BAB7F043A0022FDF
4	297e7d56-6052-4322-bfa0-397eaf026db9	ID_3B66117910FB4C96B3109809837C0792
4	c188c885-a92d-4026-8cfb-3a58480439a6	ID_C33456BFA81B4455ACE4173EB86D1308
5	e2c58bc0-9965-43dd-82c9-b4cb53be1ab0	ID_756A68E86412485EBFA9A6D896A97E4D
6	573cf695-75f3-4013-9b91-53f767e8335d	ID_A54120F6BF5045F6AB3CFE053C1E0AE9
6	5f12246d-9740-48b2-8030-502a970451db	ID_EDA2D904EABC464291A5157237EC84D2
6	619be7ce-cb5d-40b3-8a7f-5bab1b6da093	ID_F2FBDB31A3BD44EE87B9FECC049735F6
6	8b883acd-b203-47fa-8dca-ae73f2911635	ID_039FE8B3202248719CDEE07A96E8140C
12	ca82bd11-11c4-4e76-b3c7-3892910279cf	ID_19BD240510354175947A66AD6C18D80A
12	e8bf62de-048e-4ea2-8590-d4b90a02419b	ID_558899AAFF8D424F8CF7E8AC0A4048B3
12	f1bec61a-99ba-45b3-840d-77280a671e92	ID_83573A175F55452FB36EBB452A5E1F52
12	f757d590-8eca-4374-acef-7084889fa0e3	ID_EC97501B1B514616BCA75E2D650B69B1
23	b345f6f6-2b6d-4f5f-9576-9888abf18e1e	ID_FF509F6B59F84523BAC42B82FEF54BA9
19	2026-08-06_132741	ID_CEECAD3582AB42D79033626144FD4C5A
19	2026-08-06_132845	ID_E0919F689BEC45EFB9A7A4D5E0C2A13E
19	2026-08-06_132859	ID_77205F072E764EC58B6E58FCA484E320
20	2026-08-06_133505	ID_61765400ACA24D658AB3293DBFADBFFA
20	2026-08-06_133620	ID_893BA3D0F5AB4322B6C8D45DB2F9224C
20	2026-08-06_133632	ID_63C2ED5A00084F98B6F561CB9711BE73
20	2026-08-06_133641	ID_BBECBCA2103D4338AF1DE46701A0CEB0
24	2026-08-06_133401	ID_1E96D2CF56C44AB19A4C85710AA68B4D
29	2026-08-06_134554	ID_D51EE6B432FD4480836438C69EC8C503
29	2026-08-06_134602	ID_D6E78424B6B64DED88A8AB12728B4BB9
29	2026-08-06_134723	ID_0C83045ED7F74A4CA3CBB6DE4BD98C45
29	2026-08-06_134757	ID_C46789EFA2384C1FA547AEB271E87FAB
29	2026-08-06_134801	ID_F3113CE293444D3CAE80F1C8BC1ED88A
29	2026-08-06_134826	ID_6A8CB7A8F2F94B63A1D43DDEF5A6B324
30	2026-08-06_134125	ID_0D851D1C21284B5984A88E7B1357467A
30	2026-08-06_134131	ID_7AA5F2F5182D4BE687F903967E288503
30	2026-08-06_134148	ID_99EF991A7525444695B875E52C392DC1
30	2026-08-06_134149	ID_2756C0F465AC4DB5A6BD52A9D8493AEB
46	2026-08-06_133505	ID_F25C6C8F890D41F3B19011B42384C390
46	2026-08-06_133620	ID_50C4EED6896D4C93A1A1E6AC1CB14D2B
199	2026-08-06_133632	ID_3541104B62A44013B15920DE5B4D2208
200	2026-08-06_134125	ID_A61B50FB208B4958954CA9953FA04DBD
200	2026-08-06_134131	ID_218645CCA10D4FDBB1B4DA24E3F8C8E9
209	2026-08-06_133135	ID_BF6B4D87F5184F32A026DFBD5229A69E
209	2026-08-06_133209	ID_D09A63D23D5F4E03867FDEECA4F36F2D
